instance,customer_num,routes_used_number,distance_all,execution_time,random_seed
R101,97,21,1633.39,108.738,123
R101,25,8,618.33,14.978,123
R101,25,8,618.33,14.83,123
R101,25,8,618.33,15.647,123
R101,25,8,618.33,10.571,123
R101,97,22,1680.15,110.235,123
R101,50,12,1052,36.124,123
R101,25,8,618.33,14.963,123
R102,100,19,1548.64,100.758,123
R102,50,11,951.402,29.803,123
R102,25,7,556.864,14.099,123
R103,100,16,1310.77,142.819,123
R103,50,9,800.264,41.642,123
R103,25,6,459.676,13.459,123
R104,100,13,1065.21,176.004,123
R104,50,7,653.707,52.602,123
R104,25,4,406.264,15.498,123
R105,100,15,1378.32,81.016,123
R105,50,10,921.602,28.002,123
R105,25,6,524.96,11.335,123
R106,100,15,1315.85,101.076,123
R106,50,8,811.054,30.523,123
R106,25,5,479.49,12.6,123
R107,100,14,1209.2,132.813,123
R107,50,8,762.841,41.196,123
R107,25,5,440.743,13.682,123
R108,100,11,963.301,189.176,123
R108,50,6,621.242,62.533,123
R108,25,4,397.628,16.15,123
R109,100,13,1180.25,87.192,123
R109,50,8,811.291,29.383,123
R109,25,5,442.625,11.632,123
R110,100,13,1134.04,88.887,123
R110,50,7,718.11,30.268,123
R110,25,5,438.448,11.618,123
R111,100,13,1120.34,90.861,123
R111,50,8,758.409,30.583,123
R111,25,5,440.743,11.388,123
R112,100,10,1010.47,88.551,123
R112,50,7,678.514,29.908,123
R112,25,4,395.091,11.235,123
R201,100,10,1230.23,84.855,123
R201,50,6,824.31,28.372,123
R201,25,4,450.658,11.147,123
R202,100,9,1223.79,96.868,123
R202,50,5,729.29,31.073,123
R202,25,4,416.145,11.516,123
R203,100,8,958.102,135.858,123
R203,50,5,641.702,38.663,123
R203,25,2,392.178,13.844,123
R204,100,6,800.61,198.3,123
R204,50,4,532.637,55.781,123
R204,25,3,342.845,15.132,123
R205,100,10,1070.43,85.147,123
R205,50,6,714.082,28.987,123
R205,25,3,409.575,11.18,123
R206,100,8,1036.53,99.628,123
R206,50,5,689.864,31.787,123
R206,25,2,391.89,11.773,123
R207,100,7,905.093,140.29,123
R207,25,3,368.453,18.86,123
R208,100,8,836.992,209.356,123
R208,50,4,522.105,59.995,123
R208,25,2,328.809,15.693,123
R209,100,8,1024.93,87.448,123
R209,50,4,602.829,27.31,123
R209,25,3,379.089,11.885,123
R210,100,9,1015.18,83.758,123
R210,50,6,695.259,27.178,123
R210,25,3,417.457,10.843,123
R211,100,7,886.859,90.154,123
R211,50,5,599.258,28.429,123
R211,25,3,365.827,10.794,123
R101,99,20,1694.22,89.338,1234
R101,99,20,1694.22,93.58,1234
R101,99,21,1705.34,82.075,1234
R101,100,22,1703.61,172.306,1234
R101,50,12,1054.14,63.575,1234
R101,25,8,618.33,22.749,1234
R102,100,19,1554.13,211.765,1234
R102,50,11,922.228,62.482,1234
R102,25,7,542.319,22.989,1234
R103,100,17,1319.5,246.845,1234
R103,50,10,786.333,77.712,1234
R103,25,6,459.773,25.353,1234
R104,100,14,1071.04,377.17,1234
R104,50,7,652.676,103.495,1234
R104,25,4,402.306,30.108,1234
R105,100,16,1380.09,170.864,1234
R105,50,10,921.602,58.434,1234
R105,25,6,525.514,22.415,1234
R106,100,14,1313.39,202.493,1234
R106,50,10,826.349,65.834,1234
R106,25,5,482.775,25.544,1234
R107,100,14,1148.44,270.844,1234
R107,50,8,725.638,86.779,1234
R107,25,5,429.26,24.747,1234
R108,100,11,1001.52,349.95,1234
R108,50,6,648.101,99.765,1234
R108,25,4,389.622,27.27,1234
R109,100,13,1212.82,155.05,1234
R109,50,9,798.482,51.418,1234
R109,25,5,439.253,20.707,1234
R110,100,13,1148.16,161.608,1234
R110,50,7,731.322,53.68,1234
R110,25,5,430.447,20.394,1234
R111,100,13,1147.93,165.409,1234
R111,50,7,735.673,58.48,1234
R111,25,5,430.566,21.408,1234
R112,100,11,1019.26,168.048,1234
R112,50,7,666.122,56.894,1234
R112,25,4,395.091,21.216,1234
R201,100,9,1210.42,157.298,1234
R201,50,8,826.157,53.831,1234
R201,25,4,465.184,20.582,1234
R202,100,9,1129.74,185.859,1234
R202,50,6,753.68,58.769,1234
R202,25,4,398.697,21.912,1234
R203,100,9,975.213,258.391,1234
R203,50,5,615.729,72.918,1234
R203,25,4,391.25,25.253,1234
R204,100,8,894.044,372.704,1234
R204,50,4,538.088,112.086,1234
R204,25,3,354.879,29.136,1234
R205,100,8,1051.97,158.794,1234
R205,50,5,716.717,53.155,1234
R205,25,3,394.062,20.223,1234
R206,100,8,966.727,180.951,1234
R206,50,5,672.52,57.211,1234
R206,25,3,364.617,21.773,1234
R207,100,7,938.59,244.297,1234
R207,50,4,633.048,70.407,1234
R207,25,3,380.995,24.661,1234
R208,100,6,794.988,353.246,1234
R208,50,4,521.494,98.807,1234
R208,25,2,355.145,28.512,1234
R209,100,7,994.602,160.693,1234
R209,50,4,632.173,53.861,1234
R209,25,3,387.522,20.277,1234
R210,100,8,1010.83,160.169,1234
R210,50,5,665.685,53.266,1234
R210,25,3,414.021,20.097,1234
R211,100,8,953.621,168.2,1234
R211,50,5,595.217,57.759,1234
R211,25,3,369.06,20.901,1234
R101,100,21,1692.86,141.022,12345
R101,50,13,1048.04,54.502,12345
R101,25,8,618.33,20.186,12345
R101,1798966848,0,0,112.565,12345
R101,50,14,1522.45,43.065,12345
R101,25,8,739.246,19.15,12345
R101,1798966848,0,0,105.887,12345
R101,1798966848,0,0,106.04,12345
R101,100,23,1853.84,121.842,12345
R101,50,13,1069.31,38.736,12345
R101,25,7,623.522,14.886,12345
R101,100,22,1813.7,117.23,12345
R101,50,12,1061.69,37.026,12345
R101,25,8,618.33,14.534,12345
R101,100,22,1746.9,119.699,123
R101,50,12,1056.83,37.684,123
R101,25,9,625.189,14.943,123
R101,100,24,2044.6,119.272,123
R101,50,13,1124.1,38.118,123
R101,25,8,630.668,15,123
R101,100,23,1919.15,125.441,123
R101,50,12,1070.42,39.762,123
R101,25,8,618.33,15.572,123
R101,100,22,1917.51,122.459,123
R101,50,12,1064.22,38.859,123
R101,25,8,618.33,16.091,123
R101,100,23,1912.62,121.408,123
R101,50,13,1073.74,38.181,123
R101,25,8,626.635,15.264,123
R101,100,22,1741.15,122.741,123
R101,50,13,1069.33,44.227,123
R101,25,8,618.33,18.183,123
R101,100,22,1741.15,121.074,123
R101,50,12,1074.46,38.673,123
R101,25,9,619.172,14.298,123
R101,100,21,1772.55,117.708,100
R101,50,13,1056.47,34.213,100
R101,25,7,618.33,11.951,100
R101,100,21,1772.55,115.571,100
R101,50,13,1056.47,34.305,100
R101,25,7,618.33,11.526,100
R102,100,20,1708.17,130.833,100
R102,50,12,1003.11,37.371,100
R102,25,7,549.773,12.615,100
R103,100,17,1552.59,176.35,100
R103,50,11,910.273,44.674,100
R103,25,6,457.186,13.896,100
R104,100,13,1267.14,221.931,100
R104,50,7,706.936,59.6,100
R104,25,4,422.979,15.866,100
R105,100,16,1490.93,123.389,100
R105,50,10,940.353,34.817,100
R105,25,6,531.804,12.104,100
R106,100,17,1487.18,136.882,100
R106,50,9,837.965,37.465,100
R106,25,5,483.031,13.044,100
R107,100,15,1390.49,168.954,100
R107,50,8,783.581,45.043,100
R107,25,4,439.477,14.682,100
R108,100,14,1224.42,226.098,100
R108,50,7,655.029,59.234,100
R108,25,4,398.295,16.716,100
R109,100,15,1372.73,125.681,100
R109,50,9,841.205,35.881,100
R109,25,5,442.625,12.351,100
R110,100,15,1361.04,127.869,100
R110,50,9,785.065,36.207,100
R110,25,5,440.943,12.332,100
R111,100,15,1294.96,128.792,100
R111,50,9,816.594,36.176,100
R111,25,5,449.012,12.38,100
R112,100,14,1165.83,129.339,100
R112,50,7,700.361,37.061,100
R112,25,4,411.207,12.438,100
R201,100,14,1427.54,124.418,100
R201,50,9,867.635,35.074,100
R201,25,4,485.184,12.037,100
R202,100,12,1377.77,137.878,100
R202,50,7,832.869,37.828,100
R202,25,4,425.056,13.32,100
R203,100,8,1095.85,173.686,100
R203,50,6,708.665,45.125,100
R203,25,3,388.103,14.551,100
R204,100,8,956.423,236.168,100
R204,50,6,571.585,60.749,100
R204,25,3,358.597,16.157,100
R205,100,14,1275.32,125.72,100
R205,50,6,783.923,35.899,100
R205,25,4,404.062,12.13,100
R206,100,9,1180.17,139.079,100
R206,50,7,716.897,38.136,100
R206,25,4,407.618,12.669,100
R207,100,9,1070.69,173.37,100
R207,50,7,721.9,45.269,100
R207,25,4,396.277,14.775,100
R208,100,7,997.954,233.179,100
R208,50,5,612.716,61.266,100
R208,25,2,348.05,15.914,100
R209,100,11,1234.7,127.823,100
R209,50,6,687.608,36.289,100
R209,25,3,385.04,12.16,100
R210,100,9,1127.11,128.966,100
R210,50,8,773.151,36.303,100
R210,25,3,410.052,12.381,100
R211,100,8,999.025,130.418,100
R211,50,4,597.66,36.073,100
R211,25,3,387.492,12.157,100
R101,100,21,1762.26,123.318,101
R101,50,13,1063.55,35.16,101
R101,25,7,618.33,12.065,101
R102,100,20,1712.61,138.546,101
R102,50,13,985.715,38.253,101
R102,25,7,562.09,12.561,101
R103,100,17,1490.24,170.708,101
R103,50,10,842.806,44.519,101
R103,25,6,466.049,15.54,101
R104,100,14,1243.68,225.805,101
R104,50,7,697.194,60.943,101
R104,25,4,430.506,16.254,101
R105,100,18,1517.32,124.652,101
R105,50,11,928.138,35.421,101
R105,25,6,531.069,11.964,101
R106,100,15,1480.34,136.732,101
R106,50,10,896.402,37.025,101
R106,25,5,477.399,12.968,101
R107,100,14,1360.77,167.542,101
R107,50,9,829.753,44.965,101
R107,25,4,449.912,14.662,101
R108,100,14,1242.03,227.404,101
R108,50,7,695.975,60.568,101
R108,25,4,392.99,15.888,101
R109,100,14,1407.4,123.725,101
R109,50,8,830.44,35.977,101
R109,25,5,442.625,11.884,101
R110,100,14,1241.97,129.401,101
R110,50,8,767.633,36.599,101
R110,25,5,442.43,12.305,101
R111,100,15,1332.11,129.831,101
R111,50,9,790.724,36.253,101
R111,25,5,440.048,13.118,101
R112,100,13,1209.43,130.527,101
R112,50,7,746.311,35.363,101
R112,25,4,437.157,12.508,101
R201,100,13,1388.64,125.723,101
R201,50,9,884.681,35.208,101
R201,25,4,476.428,11.935,101
R202,100,13,1303.85,138.288,101
R202,50,8,797.441,38.672,101
R202,25,4,434.244,12.874,101
R203,100,10,1114.19,172.86,101
R203,50,7,732.054,45.897,101
R203,25,4,414.679,13.916,101
R204,100,8,959.739,232.566,101
R204,50,3,612.616,60.846,101
R204,25,2,363.848,15.746,101
R205,100,11,1212.34,126.195,101
R205,50,8,780.087,35.614,101
R205,25,3,408.806,12.893,101
R206,100,9,1201.49,138.744,101
R206,50,6,797.636,38.116,101
R206,25,3,410.183,12.89,101
R207,100,8,1086.45,172.81,101
R207,50,6,650.085,45.747,101
R207,25,3,378.664,14.57,101
R208,100,10,1004.22,231.62,101
R208,50,6,622.352,59.617,101
R208,25,2,335.061,15.91,101
R209,100,11,1078.06,128.443,101
R209,50,7,698.69,35.91,101
R209,25,4,400.933,11.772,101
R210,100,10,1097.32,127.611,101
R210,50,7,722.721,36.19,101
R210,25,3,423.043,12.017,101
R211,100,9,1024.17,131.375,101
R211,50,7,665.096,35.989,101
R211,25,3,398.019,12.098,101
R101,100,22,1750.03,122.75,102
R101,50,12,1054.75,35.92,102
R101,25,7,618.33,11.978,102
R102,100,20,1664.1,135.512,102
R102,50,12,993.881,38.262,102
R102,25,7,552.426,12.997,102
R103,100,17,1454.01,185.713,102
R103,50,10,827.463,46.571,102
R103,25,6,472.224,14.714,102
R104,100,14,1268.69,228.681,102
R104,50,8,724.183,59.39,102
R104,25,4,423.176,16.669,102
R105,100,18,1519.23,123.308,102
R105,50,9,930.887,35.826,102
R105,25,6,531.804,12.51,102
R106,100,16,1429.44,135.18,102
R106,50,10,853.438,38.091,102
R106,25,5,480.806,12.926,102
R107,100,15,1388.66,171.207,102
R107,50,10,833.91,44.986,102
R107,25,5,450.42,14.236,102
R108,100,12,1165.31,223.082,102
R108,50,8,674.241,59.641,102
R108,25,4,398.771,16.366,102
R109,100,16,1382.24,125.013,102
R109,50,10,819.361,35.134,102
R109,25,5,442.625,12.073,102
R110,100,15,1367.85,129.064,102
R110,50,9,809.572,35.749,102
R110,25,5,451.161,13.023,102
R111,100,14,1294.97,129.685,102
R111,50,7,766.968,36.448,102
R111,25,5,428.586,11.954,102
R112,100,12,1122.92,129.675,102
R112,50,9,751.585,36.389,102
R112,25,4,420.937,12.898,102
R201,100,13,1413.23,125.916,102
R201,50,8,866.779,35.735,102
R201,25,4,487.867,12.111,102
R202,100,10,1247.07,137.561,102
R202,50,7,765.092,37.947,102
R202,25,4,434.387,13.071,102
R203,100,8,1086.44,174.271,102
R203,50,6,712.189,44.803,102
R203,25,3,421.554,14.898,102
R204,100,5,940.496,232.347,102
R204,50,5,620.115,59.883,102
R204,25,3,370.148,15.836,102
R205,100,12,1301.68,126.696,102
R205,50,9,816.772,35.574,102
R205,25,4,424.113,12.478,102
R206,100,10,1155.21,139.001,102
R206,50,6,736.746,37.832,102
R206,25,4,399.398,13.08,102
R207,100,11,1127.16,173.478,102
R207,50,6,665.143,44.45,102
R207,25,3,368.139,14.887,102
R208,100,6,888.435,231.819,102
R208,50,3,566.734,60.097,102
R208,25,2,337.162,15.625,102
R209,100,12,1185.7,132.139,102
R209,50,8,719.478,35.89,102
R209,25,3,414.323,11.996,102
R210,100,8,1155.94,128.837,102
R210,50,6,699.065,36.144,102
R210,25,3,443.412,12.466,102
R211,100,9,1066.23,133.061,102
R211,50,6,656.695,37.08,102
R211,25,3,377.226,12.244,102
R101,100,20,1725.84,122.792,103
R101,50,13,1064.38,36.192,103
R101,25,8,618.33,11.919,103
R102,100,20,1684.04,138.017,103
R102,50,13,1005.23,38.364,103
R102,25,7,555.438,12.437,103
R103,100,16,1490.99,172.201,103
R103,50,12,916.703,45.809,103
R103,25,6,464.825,14.859,103
R104,100,12,1163.21,226.468,103
R104,50,7,691.311,59.263,103
R104,25,5,441.098,16.741,103
R105,100,17,1515.52,123.464,103
R105,50,10,933.057,34.695,103
R105,25,6,531.804,12.486,103
R106,100,15,1459.81,138.167,103
R106,50,10,885.016,38.216,103
R106,25,5,495.777,12.868,103
R107,100,15,1365.17,172.868,103
R107,50,8,781.807,46.493,103
R107,25,5,447.182,14.414,103
R108,100,13,1211.1,225.706,103
R108,50,7,659.637,58.748,103
R108,25,5,405.474,16.126,103
R109,100,14,1293.8,124.681,103
R109,50,8,849.072,35.337,103
R109,25,5,448.157,12.309,103
R110,100,15,1284.58,128.361,103
R110,50,8,777.15,35.338,103
R110,25,5,455.442,12.785,103
R111,100,16,1393.49,128.002,103
R111,50,8,800.263,35.705,103
R111,25,5,440.048,12.518,103
R112,100,13,1191.63,130.105,103
R112,50,8,722.001,36.802,103
R112,25,4,398.825,12.505,103
R201,100,13,1345.45,124.232,103
R201,50,8,873.848,35.034,103
R201,25,4,499.158,12.188,103
R202,100,10,1277.59,137.823,103
R202,50,8,779.058,39.455,103
R202,25,3,444.496,12.494,103
R203,100,12,1217.98,174.413,103
R203,50,5,699.694,46.036,103
R203,25,3,410.64,14.045,103
R204,100,10,1023.19,235.159,103
R204,50,5,648.898,60.081,103
R204,25,2,363.809,16.122,103
R205,100,12,1266.38,127.787,103
R205,50,8,769.673,36.365,103
R205,25,3,408.085,12.388,103
R206,100,10,1153.66,139.826,103
R206,50,7,752.639,38.378,103
R206,25,3,396.543,13.448,103
R207,100,8,1023.03,175.504,103
R207,50,4,626.528,45.067,103
R207,25,3,386.118,14.463,103
R208,100,8,960.143,234.238,103
R208,50,6,582.844,59.564,103
R208,25,3,368.363,16.283,103
R209,100,13,1267.29,129.893,103
R209,50,6,662.082,36.518,103
R209,25,3,406.998,12.234,103
R210,100,10,1159.64,127.536,103
R210,50,6,695.645,36.548,103
R210,25,3,412.818,12.201,103
R211,100,11,1024.26,131.493,103
R211,50,6,657.331,36.508,103
R211,25,3,377.881,12.609,103
R101,100,23,1783.54,123.467,104
R101,50,13,1070.58,35.655,104
R101,25,7,618.33,12.225,104
R102,100,19,1685.54,134.024,104
R102,50,12,1005.04,37.729,104
R102,25,8,570.73,13.681,104
R103,100,17,1491.83,199.564,104
R103,50,10,881.816,53.137,104
R103,25,6,466.049,16.607,104
R104,100,16,1262.91,267.309,104
R104,50,6,695.337,69.145,104
R104,25,4,423.499,18.928,104
R105,100,16,1498.17,146.426,104
R105,50,11,932.052,41.76,104
R105,25,6,531.804,14.048,104
R106,100,15,1465.35,162.253,104
R106,50,9,858.786,45.062,104
R106,25,5,481.113,14.742,104
R107,100,15,1351.06,202.045,104
R107,50,9,784.037,54.383,104
R107,25,5,453.505,16.729,104
R108,100,13,1204.76,263.4,104
R108,50,8,707.687,69.658,104
R108,25,4,398.382,18.589,104
R109,100,15,1389.98,147.181,104
R109,50,8,810.366,42.14,104
R109,25,5,455.411,14.073,104
R110,100,13,1248.98,150.44,104
R110,50,9,769.783,42.225,104
R110,25,5,448.778,14.71,104
R111,100,14,1318.89,152.781,104
R111,50,9,788.127,42.128,104
R111,25,5,423.39,14.691,104
R112,100,12,1154.69,152.151,104
R112,50,8,694.378,42.407,104
R112,25,4,407.946,14.155,104
R201,100,13,1355.91,149.023,104
R201,50,8,862.684,41.09,104
R201,25,4,471.632,14.016,104
R202,100,13,1298.34,159.887,104
R202,50,7,832.429,44.259,104
R202,25,4,424.119,15.17,104
R203,100,10,1179.56,203.167,104
R203,50,7,714.843,52.974,104
R203,25,4,415.298,16.992,104
R204,100,7,973.07,270.81,104
R204,50,5,606.01,69.981,104
R204,25,3,380.361,18.805,104
R205,100,11,1279.74,149.09,104
R205,50,8,801.138,41.348,104
R205,25,4,419.829,14.526,104
R206,100,9,1120.69,163.366,104
R206,50,7,779.851,46.69,104
R206,25,4,410.126,14.786,104
R207,100,9,1063.55,204.791,104
R207,50,6,713.905,53.994,104
R207,25,3,372.372,17.22,104
R208,100,7,1003.34,268.707,104
R208,50,4,527.111,70.317,104
R208,25,3,359.632,18.651,104
R209,100,11,1106.25,151.216,104
R209,50,6,684.209,42.717,104
R209,25,3,408.89,14.325,104
R210,100,10,1211.08,153.499,104
R210,50,6,715.667,41.629,104
R210,25,4,428.174,14.559,104
R211,100,9,1048.14,156.578,104
R211,50,5,677.771,42.192,104
R211,25,3,379.528,14.34,104
R101,100,21,1765.99,147.437,105
R101,50,13,1072.47,41.703,105
R101,25,8,618.33,14.174,105
R102,100,20,1722.85,161.773,105
R102,50,12,987.118,44.39,105
R102,25,7,539.29,15.443,105
R103,100,17,1474.41,200.018,105
R103,50,10,884.994,53.823,105
R103,25,6,460.117,16.979,105
R104,100,13,1203.31,265.429,105
R104,50,8,718.721,71.094,105
R104,25,4,408.163,18.905,105
R105,100,18,1535.06,148.808,105
R105,50,10,924.725,42.771,105
R105,25,6,531.804,16.351,105
R106,100,16,1456.62,163.968,105
R106,50,10,887.654,45.708,105
R106,25,6,485.319,14.678,105
R107,100,17,1428.18,203.267,105
R107,50,9,823.967,54.354,105
R107,25,4,445.359,16.472,105
R108,100,14,1202.75,265.963,105
R108,50,6,681.941,70.819,105
R108,25,4,429.363,18.822,105
R109,100,15,1407.47,149.486,105
R109,50,8,847.608,41.709,105
R109,25,5,470.137,14.625,105
R110,100,14,1338.43,152.174,105
R110,50,8,808.161,42.66,105
R110,25,5,445.177,14.847,105
R111,100,14,1287.53,153.521,105
R111,50,11,827.058,42.182,105
R111,25,5,466.529,15.045,105
R112,100,12,1186.76,154.04,105
R112,50,7,711.518,43.475,105
R112,25,5,419.419,14.664,105
R201,100,14,1382.91,147.36,105
R201,50,9,897.296,41.906,105
R201,25,5,479.065,14.285,105
R202,100,11,1242.47,164.06,105
R202,50,8,811.293,45.509,105
R202,25,4,431.587,15.521,105
R203,100,9,1078.96,203.849,105
R203,50,8,701.639,52.826,105
R203,25,4,427.361,17.414,105
R204,100,9,1029.98,272.557,105
R204,50,4,632.869,69.456,105
R204,25,3,357.941,18.907,105
R205,100,12,1257.09,149.799,105
R205,50,8,802.513,41.322,105
R205,25,5,422.682,14.135,105
R206,100,9,1117.63,164.818,105
R206,50,7,730.47,45.023,105
R206,25,3,416.668,14.911,105
R207,100,8,1075.91,205.635,105
R207,50,5,669.408,53.399,105
R207,25,4,377.406,16.952,105
R208,100,7,951.174,272.876,105
R208,50,5,588.602,71.059,105
R208,25,3,356.4,19.204,105
R209,100,9,1142.65,167.305,105
R209,50,6,680.39,45.49,105
R209,25,3,401.997,15.317,105
R210,100,10,1174.73,156.815,105
R210,50,7,758.702,42.198,105
R210,25,4,415.971,14.686,105
R211,100,10,1078.91,158.366,105
R211,50,8,651.664,44.927,105
R211,25,3,379.194,16.489,105
R101,100,22,1749.23,159.308,106
R101,50,12,1055.14,44.559,106
R101,25,8,618.33,15.08,106
R102,100,20,1680.43,166.26,106
R102,50,12,993.619,46.93,106
R102,25,7,555.055,15.797,106
R103,100,17,1491.75,203.21,106
R103,50,11,862.979,57.962,106
R103,25,6,466.049,19.78,106
R104,100,13,1215.87,299.969,106
R104,50,8,687.948,70.548,106
R104,25,4,417.961,20.132,106
R105,100,16,1517.83,146.574,106
R105,50,10,927.096,42.434,106
R105,25,6,531.804,14.343,106
R106,100,16,1479.4,179.004,106
R106,50,10,855.662,54.359,106
R106,25,5,481.402,15.513,106
R107,100,14,1331.23,197.029,106
R107,50,8,811.321,54.024,106
R107,25,5,447.246,17.258,106
R108,100,15,1282.85,261.569,106
R108,50,8,711.866,71.277,106
R108,25,4,404.61,19.832,106
R109,100,15,1347.45,148.566,106
R109,50,10,843.213,42.318,106
R109,25,5,459.468,14.2,106
R110,100,15,1320.4,151.72,106
R110,50,8,799.071,43.503,106
R110,25,5,439.887,14.475,106
R111,100,14,1377.05,152.546,106
R111,50,10,790.834,44.647,106
R111,25,5,449.416,14.398,106
R112,100,15,1266.54,155.804,106
R112,50,7,693.044,42.726,106
R112,25,4,415.27,15.695,106
R201,100,13,1382.77,151.206,106
R201,50,9,863.242,42.327,106
R201,25,4,474.016,14.489,106
R202,100,10,1270.56,165.217,106
R202,50,8,855.891,46.388,106
R202,25,4,424.991,14.814,106
R203,100,9,1131.48,205.92,106
R203,50,5,673.066,55.903,106
R203,25,4,415.885,17.451,106
R204,100,8,980.843,292.374,106
R204,50,4,590.478,80.049,106
R204,25,3,383.899,22.282,106
R205,100,11,1292.67,167.474,106
R205,50,6,784.101,47.852,106
R205,25,3,417.023,16.826,106
R206,100,8,1085.38,192.913,106
R206,50,6,692.83,51.682,106
R206,25,3,413.672,16.947,106
R207,100,8,1065.59,230.631,106
R207,50,5,670.608,60.083,106
R207,25,3,385.15,19.178,106
R208,100,5,852.12,306.232,106
R208,50,5,553.436,79.017,106
R208,25,2,347.07,21.299,106
R209,100,12,1227.16,168.564,106
R209,50,7,661.549,47.136,106
R209,25,4,392.942,16.988,106
R210,100,10,1169.35,170.043,106
R210,50,5,695.011,47.536,106
R210,25,3,438.761,16.057,106
R211,100,10,1129.35,173.862,106
R211,50,6,642.378,48.578,106
R211,25,3,374.246,16.211,106
R101,100,21,1772.55,179.691,100
R101,100,21,1772.55,152.72,100
R101,50,13,1056.47,56.137,100
R101,100,21,1772.55,164.226,100
R101,50,13,1056.47,64.254,100
R101,25,8,618.33,21.299,100
R102,100,19,1713.92,182.667,100
R102,50,12,997.315,65.348,100
R102,25,7,552.857,25.81,100
R101,100,21,1772.55,191.85,100
R101,50,13,1056.47,57.991,100
R101,25,8,618.33,27.868,100
R102,100,19,1713.92,226.62,100
R102,50,12,997.315,62.632,100
R102,25,7,552.857,23.515,100
R101,100,21,1815.86,153.918,110
R101,100,22,1813.16,165.849,110
R102,100,20,1690.57,193.096,110
R103,100,18,1536.82,235.054,110
R104,100,13,1241.12,297.567,110
R105,100,18,1518.15,144.228,110
R106,100,16,1436.24,162.685,110
R107,100,15,1344.83,213.269,110
R108,100,13,1187.9,293.469,110
R109,100,15,1368.15,144.411,110
R110,100,15,1337.89,149.705,110
R111,100,13,1236.53,148.245,110
R112,100,13,1250.57,152.27,110
R201,100,12,1380.32,144.726,110
R202,100,10,1277.03,164.13,110
R203,100,10,1188.22,215.643,110
R204,100,8,979.276,302.226,110
R205,100,9,1168.82,147.902,110
R206,100,10,1132.63,164.845,110
R207,100,8,1056.84,215.775,110
R208,100,9,963.671,301.636,110
R209,100,8,1097.99,152.007,110
R210,100,10,1202.44,149.421,110
R211,100,9,1038.73,157.129,110
R101,100,22,1711.83,145.004,111
R102,100,20,1665.93,167.482,111
R103,100,18,1493.02,213.921,111
R104,100,14,1233.85,296.676,111
R105,100,17,1517.21,144.083,111
R106,100,17,1437.58,162.842,111
R107,100,14,1307.9,213.602,111
R108,100,13,1195.6,289.726,111
R109,100,15,1390.94,145.856,111
R110,100,14,1386.54,148.692,111
R111,100,16,1388.45,150.746,111
R112,100,12,1208.64,152.67,111
R201,100,12,1408.85,146.037,111
R202,100,12,1315.58,162.048,111
R203,100,12,1202.69,216.083,111
R204,100,8,933.927,301.053,111
R205,100,11,1186.58,147.884,111
R206,100,9,1170.1,164.446,111
R207,100,10,1064.89,215.59,111
R208,100,7,970.945,305.771,111
R209,100,11,1183.92,149.65,111
R210,100,9,1166.54,149.228,111
R211,100,9,1052.35,155.368,111
R101,100,20,1716.72,144.149,112
R102,100,19,1653.55,161.849,112
R103,100,19,1560.11,213.473,112
R104,100,13,1245.12,292.586,112
R105,100,17,1494.6,144.35,112
R106,100,17,1474.24,164.237,112
R107,100,17,1405.35,210.885,112
R108,100,13,1180.27,288.525,112
R109,100,17,1397.73,146.092,112
R110,100,15,1383.11,149.32,112
R111,100,14,1361.01,151.126,112
R112,100,13,1284.8,152.106,112
R201,100,10,1312.22,143.905,112
R202,100,10,1268.87,163.503,112
R203,100,9,1144.21,217.284,112
R204,100,10,1056.99,300.339,112
R205,100,12,1308.14,146.302,112
R206,100,10,1216.84,164.512,112
R207,100,10,1083.51,215.579,112
R208,100,7,879.908,301.635,112
R209,100,10,1111.82,150.657,112
R210,100,11,1236.03,148.566,112
R211,100,7,1051,154.021,112
R101,100,21,1715.25,143.784,113
R102,100,19,1682.95,162.047,113
R103,100,16,1442.44,212.98,113
R104,100,13,1210.39,295.905,113
R105,100,17,1544.42,145.456,113
R106,100,16,1424.36,163.157,113
R107,100,14,1350.53,210.091,113
R108,100,12,1145.74,298.457,113
R109,100,16,1370.37,148.761,113
R110,100,16,1375.46,150.487,113
R111,100,14,1252.14,150.495,113
R112,100,13,1277.14,151.068,113
R201,100,12,1337.52,145.387,113
R202,100,11,1311.51,164.351,113
R203,100,9,1163.83,215.973,113
R204,100,7,957.376,301.519,113
R205,100,11,1314.9,147.394,113
R206,100,10,1149.84,165.226,113
R207,100,7,1004.78,215.489,113
R208,100,7,907.374,303.134,113
R209,100,9,1171.58,149.466,113
R210,100,10,1195.54,152.683,113
R211,100,9,1093.24,155.45,113
R101,100,21,1770.71,145.018,114
R102,100,18,1642.48,164.168,114
R103,100,17,1504.46,212.661,114
R104,100,14,1230.87,295.473,114
R105,100,17,1542.36,148.767,114
R106,100,16,1494.8,161.86,114
R107,100,15,1364.03,215.188,114
R108,100,12,1165.52,289.185,114
R109,100,16,1414,155.665,114
R110,100,14,1354.01,150.333,114
R111,100,16,1388.06,152.939,114
R112,100,12,1195.76,152.141,114
R201,100,11,1325.87,145.464,114
R202,100,11,1276.21,165.784,114
R203,100,9,1116.27,216.026,114
R204,100,10,983.107,303.939,114
R205,100,11,1273.2,147.599,114
R206,100,11,1202.48,167.353,114
R207,100,8,1035.16,217.161,114
R208,100,9,992.547,303.017,114
R209,100,10,1172.72,149.47,114
R210,100,10,1198.31,149.946,114
R211,100,9,1040.36,156.13,114
R101,100,21,1732.2,144.307,115
R102,100,21,1717.09,163.676,115
R103,100,18,1497.07,210.673,115
R104,100,14,1253.9,293.143,115
R105,100,18,1475.65,143.078,115
R106,100,17,1489.23,163.606,115
R107,100,15,1408.83,211.951,115
R108,100,13,1172.12,293.795,115
R109,100,14,1359.12,146.72,115
R110,100,14,1319.27,149.178,115
R111,100,15,1313.74,148.742,115
R112,100,13,1208.83,150.234,115
R201,100,13,1386.39,145.815,115
R202,100,11,1333.64,163.982,115
R203,100,9,1146.63,212.584,115
R204,100,7,931.485,301.562,115
R205,100,11,1291.98,147.071,115
R206,100,10,1136.23,165.977,115
R207,100,7,974.211,216.816,115
R208,100,9,997.994,307.542,115
R209,100,9,1134.04,150.482,115
R210,100,10,1164.11,150.74,115
R211,100,10,1070.21,156.337,115
R101,100,21,1769.68,145.605,116
R102,100,19,1684.17,164.555,116
R103,100,18,1550.42,215.678,116
R104,100,15,1254.62,292.834,116
R105,100,18,1533.5,146.379,116
R106,100,17,1461.47,165.226,116
R107,100,15,1413.91,213.244,116
R108,100,12,1194.64,296.186,116
R109,100,15,1352.18,147.54,116
R110,100,16,1421.26,166.789,116
R111,100,15,1346.73,177.931,116
R112,100,14,1259.98,180.602,116
R201,100,12,1332.72,170.657,116
R202,100,10,1251.8,207.502,116
R203,100,9,1119.79,280.009,116
R204,100,6,917.507,355.992,116
R205,100,9,1189.29,150.288,116
R206,100,10,1187.92,192.828,116
R207,100,7,975.999,245.341,116
R208,100,8,945.507,325.581,116
R209,100,12,1124.2,151.656,116
R210,100,10,1150.52,175.76,116
R211,100,7,1066.77,161.136,116
R101,100,22,1799.91,171.851,117
R102,100,19,1677.78,172.349,117
